0	dried navy beans
1	Crock Pot Baked Beans
2	water
3	molasses
4	black coffee
5	dark brown sugar
6	cider vinegar
7	dry mustard
8	salt
9	fresh ground black pepper
10	onion
11	Canadian bacon
12	honeydew melon
13	Honeydew Smoothies
14	vanilla yogurt
15	vanilla extract
16	lemon juice
17	Grilled Caribbean Chicken (Oamc
18	garlic cloves
19	boneless skinless chicken thighs
20	yoghurt
21	Coriander and Mint Chutney
22	coriander leaves
23	mint leaves
24	lime
25	juice of
26	sugar
27	green chili
28	fresh cherries
29	Chocolate Pistachio Cherries
30	white chocolate
31	pistachio nuts
32	Splenda granular
33	Sugar-Free Snow Cone Syrup Made-Fast!
34	flour
35	Pumpkin Rum Cream Roll With Caramel Sauce
36	baking soda
37	nutmeg
38	ground cloves
39	cinnamon
40	eggs
41	pumpkin puree
42	butter
43	heavy cream
44	dark rum
45	confectioners' sugar
46	chocolate curls
47	character(0
48	Gruesome Monster Toes
49	sour cream
50	Charleston Cheesey Dip
51	cream cheese
52	sharp cheddar cheese
53	monterey jack cheese
54	green onions
55	cayenne pepper
56	bacon
57	bagel chips
58	garlic
59	Potato and Pea Curry
60	ground cumin
61	ground fennel
62	ground turmeric
63	garam masala
64	potatoes
65	tomatoes
66	parsley
67	mint
68	yellow bell pepper
69	Golden Couscous
70	sweet onion
71	extra virgin olive oil
72	fresh corn
73	pepper
74	chicken broth
75	couscous
76	Peanut Butter Chocolate Cupcakes
77	creamy peanut butter
78	milk
79	baking powder
80	maraschino cherries
81	Chocolate Covered Cherry Cookies
82	cherry juice
83	egg
84	all-purpose flour
85	Dried Beef and Cream Cheese Dip
86	garlic powder
87	chicken breast
88	Low Fat Chicken Tortilla Soup
89	bell pepper
90	fresh mushrooms
91	frozen spinach
92	diced tomatoes
93	cumin
94	chili powder
95	fresh cilantro
96	Key Lime Tarts
97	granulated sugar
98	key lime juice
99	lemon zest
100	lime zest
101	lime slices
102	strawberry
103	wild rice
104	Kamut Berry
105	pecan pieces
106	carrot
107	fennel bulb
108	celery
109	fresh sage
110	sea salt
111	fresh parsley
112	Alabama Biscuit Muffins
113	buttermilk
114	pumpkin
115	Pumpkin or Sweet Potato Pie
116	sweet potatoes
117	ground cinnamon
118	ground nutmeg
119	red chilies
120	Chicken Khao Soi Noodles
121	lemongrass
122	galangal
123	lime peel
124	shallot
125	turmeric
126	curry powder
127	fresh coriander
128	spring onions
129	shallots
130	limes
131	olive oil
132	coconut cream
133	fish sauce
134	brown sugar
135	&quot;whatever You Have on Hand&quot; Fried Rice
136	fresh ginger
137	ginger
138	cooked white rice
139	green beans
140	ham steaks
141	bean sprouts
142	sliced water chestnuts
143	soy sauce
144	Chocolate Cherry Slice
145	coconut
146	Chocolate Mocha Frappe
147	chocolate ice cream
148	bittersweet chocolate
149	Garlic Rosemary Focaccia for the Bread Machine
150	whole wheat flour
151	bread flour
152	powdered milk
153	honey
154	basil
155	rosemary
156	vodka
157	Cosmo'lite'
158	lime juice
159	hot Italian sausage
160	Hot Italian Cheesy Dip
161	Velveeta cheese
162	salsa
163	Buttermilk Horseradish Dressing
164	vinegar
165	prepared mustard
166	fresh broccoli
167	Shrimp Broccoli
168	fresh small shrimp
169	mayonnaise
170	cheddar cheese
171	peanut butter
172	Peanut Butter Cookies
173	vanilla
174	Curried Butternut Squash Bisque
175	apple
176	Thai red curry paste
177	low sodium chicken broth
178	bay leaves
179	Orange Judas #1
180	Ambrosia Pie II
181	lemons
182	rind of
183	oranges
184	bananas
185	orange marmalade
186	A P&acirc;tissier's Black Forest Cake
187	cake flour
188	kosher salt
189	cocoa powder
190	port wine
191	kirsch
192	unsalted butter
193	half-and-half
194	maraschino cherry
195	red wine vinegar
196	Committee Salad
197	fresh lemon juice
198	sunflower seeds
199	lettuce
200	mandarin oranges
201	avocado
202	graham cracker crumbs
203	Butterscotch Caramel Cheesecake
204	pecans
205	sweetened condensed milk
206	white mustard seeds
207	Homemade Guinness Mustard
208	black mustard seeds
209	soft brown sugar
210	ground allspice
211	coarse salt
212	black peppercorns
213	paprika
214	dark beer
215	Lemon Punch
216	lemon peel
217	ginger ale
218	Split Pea &amp; Butternut Squash Soup
219	carrots
220	peppercorns
221	Mango Banana Bread
222	canola oil
223	margarine
224	mangoes
225	banana
226	raisins
227	white shoepeg corn
228	Easy Cowboy Caviar
229	black beans
230	Rotel tomatoes & chilies
231	cilantro
232	green peppers
233	Mom's Soul-Soothing Stuffed Peppers
234	corn
235	tomato sauce
236	fresh basil
237	fresh rosemary
238	onion powder
239	mashed potatoes
240	rose wine
241	Elegant and Hearty Marinated Flank Steak
242	dried rosemary
243	garlic clove
244	mozzarella cheese
245	Fast and Easy Meatball Calzones
246	Harvest Cream Puffs
247	parmesan cheese
248	romano cheese
249	Oatmeal Craisin Deliciousness
250	oatmeal
251	white chocolate chips
252	A Wonderful Winter (All Year Round Soup - Good for the Soul
253	leek
254	potato
255	parsnip
256	fresh parsley leaves
257	fresh spinach leaves
258	Lil Smokies
259	Stove Top stuffing mix
260	Shortcut Stuffed Chicken Rolls with Veggies
261	chicken cutlets
262	boneless chicken breasts
263	squash
264	green pepper
265	Bob's Red Mill Oat Bran Muffins
266	all-purpose white flour
267	1% low-fat milk
268	dates
269	cucumbers
270	Cucumber
271	sweet onions
272	light olive oil
273	red chile
274	pecan halves
275	country ham
276	Cranberry Cream Pie (No Bake
277	cornstarch
278	cold water
279	cranberries
280	graham cracker crust
281	navy beans
282	Country French Beef Stew
283	white beans
284	boneless beef chuck roast
285	dry red wine
286	beef broth
287	chopped tomato
288	dried thyme
289	fresh thyme
290	parsnips
291	Fish Fillets With Citrus Herb Butter
292	dried herbs
293	cod
294	haddock fillet
295	Msneta's Barbecue Ribs
296	ketchup
297	barbecue sauce
298	boneless skinless chicken breasts
299	Uncle Bill's Chicken Cutlets Melanaise
300	seasoning salt
301	black pepper
302	panko breadcrumbs
303	green chili peppers
304	Low-Fat Easy Cheesy Chile Relleno Casserole
305	reduced-fat monterey jack cheese
306	reduced-fat sharp cheddar cheese
307	Oreo Cupcakes 2 (Another Variation
308	powdered sugar
309	Honeyed Chicken Breasts
310	chicken breasts
311	leeks
312	light soy sauce
313	gingerroot
314	wine vinegar
315	Stacked Spuds
316	green onion tops
317	bacon bits
318	apple cider vinegar
319	Butterbeer Cupcakes (Vegan
320	Cherry - Lemon Supreme
321	lemon pudding mix
322	cherry pie filling
323	Pork Medallions With Chocolate-Orange Sauce
324	Vannisa's Twice Cooked New Potatoes
325	new potato
326	Julekake #2 (Baked in Loaf Pans
327	cardamom
328	cake yeast
329	Coleman's dry mustard
330	Sweet and Hot Mustard
331	malt vinegar
332	Parsnip Stew
333	salt pork
334	Foil Pack Grillers With Shrimp #RSC
335	Dijon mustard
336	red sweet bell pepper
337	cherry tomatoes
338	zucchini
339	medium shrimp
340	dill weed
341	Streusel-Filled Coffee Cake
342	shortening
343	shrimp
344	Shrimp and Grits
345	quick-cooking grits
346	white cheddar cheese
347	Green Beans with Warm Bacon Dressing
348	white wine vinegar
349	sugar-free instant vanilla pudding mix
350	No Bake Apple Spice Cake (Low-Fat &amp; Sugar
351	skim milk
352	fat-free cool whip
353	cinnamon graham crackers
354	fat free cream cheese
355	Eggs Sausage and Potato Skillet
356	Honey Mustard Vinaigrette for a Crowd
357	light coconut milk
358	No Hurry Vegetable Curry
359	red curry paste
360	cauliflower florets
361	chickpeas
362	red bell pepper
363	cooked basmati rice
364	Witch's Brew Orange Cream Punch
365	lean ground beef
366	Spoonburger Casserole
367	minced garlic cloves
368	mustard powder
369	Mint-Zinger Delight
370	mint sprigs
371	Jolean's Chili
372	stewed tomatoes
373	red kidney beans
374	button mushrooms
375	High Altitude Chiffon Cake With Variations
376	cream of tartar
377	tuna steak
378	Ahi Tuna Marinade
379	Easy Yellow Chicken Curry
380	white sugar
381	coconut milk
382	tomato paste
383	lemon
384	sriracha sauce
385	German Potato-Cheese Soup
386	processed cheese
387	swiss cheese
388	Savory Rice Stuffing
389	white rice
390	white raisins
391	ground chicken
392	Biscuit Tostadas
393	ground turkey
394	light monterey jack cheese
395	Whole Wheat  Apple Cake
396	apples
397	walnuts
398	besan flour
399	Onion Fritters (Bhajas
400	cumin seed
401	onions
402	green chilies
403	Coconut Milk Chiller(Cape Verde
404	satay sauce
405	Easy Chicken Satay Skewers
406	seedless cucumber
407	Chicken Fingers With Lemon Sauce
408	ground ginger
409	Cornish Game Hens Oriental
410	Fruity Flapjacks
411	demerara sugar
412	orange
413	porridge oats
414	chicken
415	Simple Chicken Gumbo
416	tap water
417	Easter Hard Boiled Eggs
418	A-1 Upside Down Cake #A1
419	fresh pineapple
420	cherries
421	Easiest Lasagna Ever!
422	hot water
423	bell peppers
424	Peppers in Sauce
425	banana peppers
426	yellow onion
427	crushed tomatoes
428	celery ribs
429	fresh garlic cloves
430	whole wheat pastry flour
431	Carey Neff's Chocolate Truffles
432	unbleached all-purpose flour
433	raw sugar
434	prunes
435	applesauce
436	coffee
437	part-skim ricotta cheese
438	nonfat plain yogurt
439	Sesame Prawn Toast
440	sesame seeds
441	Bananas Foster
442	vanilla ice cream
443	orzo pasta
444	Another Orzo and Spinach Salad.
445	feta cheese
446	red onion
447	pine nuts
448	dried basil
449	white pepper
450	Kahlua
451	Jaffa Cocktail
452	Grand Marnier
453	Cointreau liqueur
454	Homemade  Pizza  Sauce
455	oregano
456	thyme
457	unsifted flour
458	Chicken Mole II
459	broiler-fryer chickens
460	canned tomatoes
461	tomato puree
462	chicken flavor instant bouillon
463	chicken bouillon cube
464	peanuts
465	White Chocolate Macadamia Nut Blondies
466	low sodium soy sauce
467	Ramen Noodle Soup
468	Baked Applesauce French Toast Sandwiches
469	Splenda sugar substitute
470	Amaretto
471	bamboo shoots
472	Wonderful Wontons
473	green onion
474	dry sherry
475	oyster sauce
476	wonton wrappers
477	unbleached flour
478	Fruit Filled Scones
479	vanilla bean paste
480	frozen strawberries
481	active dry yeast
482	Hoagie Rolls
483	Carrot Cake With Rum Sauce
484	dark corn syrup
485	light rum
486	long grain brown rice
487	Creole Banana Salad
488	green grapes
489	cashew nuts
490	sultanas
491	lettuce leaves
492	hot mustard
493	piri-piri
494	watermelon
495	Watermelon Mojito
496	fresh mint leaves
497	fresh lime juice
498	white rum
499	soda water
500	Roasted Vegetables With Indian Spices
501	ground coriander
502	ground pepper
503	Tabasco sauce
504	flaked sea salt
505	scallops
506	Bubbly Bake
507	white wine
508	fresh ground pepper
509	oats
510	Tvp Granola
511	dried cranberries
512	cottage cheese
513	Curried Cheese and Peach Panini
514	baguette
515	mango chutney
516	pesto sauce
517	Pesto Pepper Sammy/Sandwiches
518	Wheat Free (Could Be Gluten Free Sandwhich Bread
519	yogurt
520	brown rice
521	tapioca flour
522	xanthan gum
523	instant yeast
524	cooked brown rice
525	Brown Rice Veggie Sushi Bowl With Fat Free Spicy Mayo
526	cucumber
527	Nicoise-Style Pan Bagnats
528	nicoise olive
529	bibb lettuce
530	plum tomatoes
531	tuna
532	hard-boiled eggs
533	tarragon
534	French baguettes
535	Kristi's Soft Buns (Gluten Free!
536	potato starch
537	masa harina
538	sorghum flour
539	Mayonnaise Cake
540	ground pork
541	Ed Comb's Famous Meat Biscuits
542	green bell pepper
543	self-rising flour
544	A-1 Beef Wellington Pockets #A1
545	mushrooms
546	puff pastry
547	Sumi Salad (Asian Cabbage Salad
548	green cabbage
549	rice vinegar
550	Accent seasoning
551	Whole Grain Energy Bar
552	wheat germ
553	craisins
554	peas
555	Quick Yummy Thai Vegetarian Noodle Bowl
556	mushroom
557	plain fat-free yogurt
558	Sweet 'n Low
559	red pepper flakes
560	raw cashews
561	Fromage De Brie  (Really Good Vegan Cheese from Vegnews
562	coconut oil
563	nutritional yeast
564	agar-agar
565	Cajun String / Green Beans
566	lump crabmeat
567	Hot Crab Dip (Paula Deen
568	monterey jack pepper cheese
569	Worcestershire sauce
570	Fudge Brownies
571	prune puree
572	prune baby food
573	Triple Apricot Sauce for Lamb
574	Ghirardelli' S Ultimate Chocolate Chip Cookies
575	Apple Crapple
576	old fashioned oats
577	Italian Zucchini Crescent Casserole
578	dried parsley flakes
579	dried basil leaves
580	ground oregano
581	mustard
582	Snowy Coconut Rounds
583	unflavored gelatin
584	warm water
585	sweetened flaked coconut
586	Apple Strips
587	fresh lemon rind
588	mcintosh apples
589	salmon fillets
590	Crunchy Pecan Salmon
591	lemon slice
592	Mom's Chocolate Chip Cookies
593	chocolate chips
594	French's Green Bean Casserole W/A Little Twist!
595	French style green beans
596	Green Goddess Salad Dressing
597	light sour cream
598	flat leaf parsley
599	anchovies
600	ground beef
601	Cheeseburger Pie
602	cheese
603	Vegan Applesauce Carrot Cake
604	egg substitute
605	maple syrup
606	unsweetened applesauce
607	allspice
608	Breakfast Pizza #RSC
609	pork sausage
610	half-and-half cream
611	dried chives
612	cabbage
613	Cabbage and Noodles
614	basil leaves
615	crushed red pepper flakes
616	cauliflower
617	Keto Cottage Pie
618	heavy whipping cream
619	Macaroni and Cheese With Ham
620	rigatoni pasta
621	cooked ham
622	blue cheese
623	scallions
624	Trini Doubles
625	habanero pepper
626	Christmas Cheesecake
627	miniature marshmallows
628	orange zest
629	marshmallow cream
630	Rum Tum Tiddy
631	Creamy Mushroom Chicken
632	cornflour
633	biscuit mix
634	Cinnamon-Pecan Biscuits With Cinnamon Butter
635	Spinach Chicken Wreath
636	Farmhouse Poinsettia Punch for the Holidays
637	Chocolate Mint Martini
638	white Creme de Cacao
639	creme de menthe
640	strawberries
641	Orange
642	Garlic Lover's Chicken
643	boneless skinless chicken breast halves
644	Impossible Bacon Pie
645	Bisquick
646	Bomber Cookies
647	kohlrabi
648	North Croatian Kohlrabi Stew (Koloraba Cuspajz
649	boneless chicken breast
650	Greek Chicken
651	Abby's Honey Dressing
652	sweet paprika
653	celery seed
654	Garlic Shrimp and Broccoli Pasta
655	angel hair pasta
656	broccoli floret
657	fresh dill
658	Roasted Vegetable Soup
659	Roasted Vegetable Enchiladas
660	yellow onions
661	vegetable broth
662	cremini mushrooms
663	pinto beans
664	corn tortillas
665	Bailey's Bouillabaisse (Fish Stew
666	boiling water
667	flounder fillets
668	broccoli
669	marjoram
670	Green Chicken Soup
671	baby bok choy
672	frozen green peas
673	fresh green beans
674	Everything Bagel Bombs
675	black sesame seeds
676	poppy seeds
677	Boursin Potato Gratin
678	herbs
679	new potatoes
680	Chicken Enchiladas
681	bulgur
682	Zucchini-Feta Casserole
683	dried oregano
684	dried marjoram
685	tamari soy sauce
686	Grilled Veggie Shish Kabobs
687	Japanese eggplants
688	pineapple chunks
689	Tomato Soup
690	asparagus
691	Blue Cheese &amp; Asparagus Salad
692	Italian Dressing Croutons
693	Quiche on the Run - for One
694	Simple Chocolate Frosting
695	Claude Lenfant's Chicken Marsala
696	marsala wine
697	self raising flour
698	Appelflappen
699	Cream Cheese Cookies
700	Gazpacho
701	tomato juice
702	reduced-fat sour cream
703	Creamy Lime Potato Salad
704	fat-free cheddar cheese
705	Hg's Cheesy Chili Dog Soup! - Ww Points = 2
706	Beef and Tater Tot Casserole
707	Garlic Shrimp
708	clams
709	Lao Stir Fried Clams
710	chilies
711	Healthy Vegetable Soup
712	Vegetarian Green Beans and Tomatoes
713	hing
714	Easy Pumpkin Bread Pudding
715	evaporated milk
716	pumpkin pie spice
717	Annie's Turkey Salad
718	turkey meat
719	masa corn flour
720	El Salvadorian Bean and Cheese Pupusas
721	basmati rice
722	Rosemary Rice Roll-Ups
723	fresh rosemary leaf
724	tofu
725	Meatloaf
726	fat-free cottage cheese
727	Fat Free Blueberry Cottage Cheesecake
728	blueberries
729	graham cracker
730	Spicy Potato Chowder
731	smoked sausage
732	purple cabbage
733	parsley flakes
734	Mushrooms Newburg
735	sherry wine
736	cayenne
737	Spice-cured Turkey
738	whole black peppercorns
739	clove
740	whole allspice
741	turkey
742	prepared stuffing
743	wine
744	Copycat Applebees Red Apple Sangria
745	red apple
746	lime wedge
747	Honey-Baked Chicken
748	yellow mustard
749	Spanish onion
750	Tortilla Soup
751	chopped tomatoes
752	chicken piece
753	tortilla chips
754	Cajun Honey Cake
755	Grilled Ginger Apricot Chicken Breasts
756	Gumdrop  Fruitcake
757	Strawberry Butter
758	Apple
759	smoked gouda cheese
760	granny smith apples
761	dijon-style mustard
762	smoked ham
763	Sweet Onion Pie
764	Sour Cream Coffee Cake
765	fresh blueberries
766	Cantaloupe With Chicken Salad
767	green seedless grape
768	cantaloupes
769	sugar substitute
770	Tako's Southwestern Pork Stew
771	boneless pork shoulder
772	dry white wine
773	broth
774	Italian parsley
775	capers
776	Mashed Root Veggies
777	Caramel Cream Coffee
778	Caramel Apple Pizza
779	quick-cooking oats
780	raspberries
781	Raspberry Sauce
782	Oatmeal Carmelitas
783	light brown sugar
784	amaretti cookies
785	Pineapple Brown Betty
786	jumbo pasta shells
787	Ultimate Vegetable Stuffed Shells
788	black olives
789	fresh spinach
790	chicken leg meat
791	Japanese Chicken Karaage (Fried Chicken
792	Japanese sake
793	Flat Apple Pie
794	soft silken tofu
795	Tofu-Almond French Toast
796	ground cardamom
797	Easy Shake 'n Bake Meatloaf
798	Green Curry With Cod and Green Beans
799	green curry paste
800	unsweetened coconut milk
801	kaffir lime leaves
802	palm sugar
803	Thai basil
804	red chili pepper
805	Asian Beef Salad
806	beef flank steak
807	cashews
808	Splenda Blend -- Chocolate Chip Cookies
809	salmon fillet
810	Delicious
811	fresh pepper
812	Galaxy Cookies
813	Crepes
814	Margaret's Espresso Tiramisu
815	mascarpone cheese
816	brandy
817	ladyfingers
818	chocolate
819	Pizza Sauce and Dough
820	beer
821	tomatoes with juice
822	Apple Rolls
823	eggplants
824	Eggplant Parmesan - a Little Healthier
825	olive oil flavored cooking spray
826	Grandmas' Stuffed Peppers
827	rice
828	Apricot Squares
829	Pork Tenderloins With Asian Peanut Sauce
830	hoisin sauce
831	chives
832	scallion top
833	French Onion Soup
834	smoked ham hock
835	Lentil Soup
836	dry lentils
837	bouquet garni
838	whole cloves
839	dried parsley
840	A.1. Stuffed Shells With Chicken #A1
841	Ultimate Chocolate-Chip Cookies
842	Creamy White Bean &amp; Italian Sausage Soup
843	bulk Italian sausage
844	celery rib
845	ground cayenne pepper
846	Cherry Chocolate Chipper Cake
847	roast beef
848	Beef and Sun-Dried Tomato Roll-Ups
849	light cream cheese
850	sun-dried tomato pesto
851	General Tso's Chicken
852	Pulled Pork Sandwiches (Oven
853	Healthy  Zucchini Bread
854	Amish Sugar Cream Pie
855	real butter
856	Garlic Ginger Chicken Strips
857	Chinese five spice powder
858	boneless skinless chicken breast
859	crunchy peanut butter
860	Austin's Peanut Butter Butterscotch Chip Brownie Cookies
861	chicken wings
862	Most Delicious Chicken Wings
863	Raisin Cake With Browned Butter Frosting
864	Slimmed Down Chicken Pot Pie
865	poultry seasoning
866	2% evaporated milk
867	lowfat swiss cheese
868	Potato Gnocchi &amp; Spicy Marinara #SP5
869	Burger/Sandwich Sauce
870	Candy Bar Tarts (A Different One
871	Pesto Brie Melt
872	French baguette
873	Tater Tot Hotdish
874	hamburger
875	Season-All salt
876	chorizo sausage
877	Chicken
878	dark red kidney beans
879	fire-roasted tomatoes
880	Melitzanes Moussaka
881	ground lamb
882	kasseri cheese
883	Casbah CousCous Salad
884	garbanzo beans
885	kalamata olive
886	of fresh mint
887	Mint Chocolate Chip Cheesecake Bites (Freeze-Ahead
888	solid white tuna packed in water
889	Classic Tuna Salad
890	red onions
891	dill pickles
892	sweet pickles
893	Baked Mozzarella-Jalape&ntilde;o  Dip
894	Chocolate Chip Cookies ( With Variations
895	Kona Banana Cream Pie
896	Chapel Hill Green Goddess Dressing
897	anchovy fillets
898	tarragon vinegar
899	Honey Whole Wheat Graham Crackers
900	Melt in Your Mouth Pot Roast
901	beef brisket
902	red wine
903	yukon gold potatoes
904	linguine
905	Outrageous Creamy Linguini
906	sun-dried tomatoes
907	fresh garlic
908	Hunza Diet Bread Recipe
909	buckwheat groats
910	soymilk powder
911	apricot
912	Simple Bread Machine Bread
913	Frozen Strawberry Pie
914	fresh strawberries
915	Tempeh Cashew Noodles
916	tempeh
917	udon noodles
918	instant vanilla pudding
919	Halloween/Frankenstein Cupcakes
920	marshmallows
921	Curried Vegetable and Bean Soup
922	frozen corn
923	long grain rice
924	Indonesian Yellow Rice
925	curry leaves
926	sugar-free vanilla pudding mix
927	Lemon Dessert Ww (2 Points for Entire Recipe
928	sugar-free lemon gelatin
929	Chiles Rellenos Casserole
930	Pad Thai
931	chili pepper
932	tomato ketchup
933	radishes
934	Soft Sugar Cookies
935	Rosemary Orange and Onion Pasta
936	pancetta
937	pasta
938	Yummy Mock Pumpkin Pie
939	Pollo Al Diablo
940	White Trash
941	Raspberry-Apple Crumble
942	Chicken &amp; Turkey Sausage Gumbo (Ww
943	turkey sausage
944	diced fire-roasted tomatoes
945	frozen cut okra
946	frozen corn kernels
947	Chocolate-Walnut Mandlebrot (Jewish Biscotti
948	scallion
949	Madagascar Lasary Voatabia
950	Persian Love Cake
951	pistachio nut
952	Parmesan Fried Chicken
953	lime Jell-O gelatin
954	Pineapple Rice Cream Salad
955	crushed pineapple
956	cooked rice
957	So Simple Normandy-Style Chicken
958	chicken parts
959	apple cider
960	Ribbon Oyster Scallop
961	macaroni
962	Pasta Al Forno (Baked Macaroni
963	ricotta cheese
964	Gony's Sausage Dressing
965	breakfast sausage
966	Shrimp Mick Jagger
967	vermouth
968	kiwi
969	rolled oats
970	Mom's Granola
971	vanilla flavoring
972	Bisquick baking mix
973	Cheese and Sausage &quot;man Scones&quot;
974	Cherry-Banana Toast
975	almond butter
976	Parmesan Pork Cutlets
977	Breadmachine Rye Bread
978	white flour
979	caraway seeds
980	flax seed
981	Taos Eggs
982	avocados
983	flour tortillas
984	pico de gallo
985	Filipino Chicken Adobo Lovers
986	white vinegar
987	Seasoned Un-Salt
988	Cajun Garlic Pork Roast
989	boneless pork loin roast
990	Cinco De Mayo Sloppy Joes
991	Ham With Mustard Cream Sauce
992	Raspberry Spritz Cookies
993	Grilled Zucchini and Squash
994	Super Yummy French Bread
995	semolina flour
996	Indian Fish Pakoras
997	garbanzo flour
998	cilantro leaves
999	red chili powder
1000	tamarind chutney
1001	chutney
1002	French Dressing
1003	catsup
1004	canned pumpkin
1005	Guilt Free Pumpkin Pudding
1006	Robin's Shrimp Creole
1007	Chicken and Dumplings
1008	chicken legs-thighs
1009	fresh thyme leaves
1010	fresh flat-leaf parsley
1011	parsley sprig
1012	'Chinese Buffet' Green Beans
1013	Parmesan Cornmeal Muffins
1014	yellow cornmeal
1015	parmigiano-reggiano cheese
1016	Snickerdoodles   from Betty Crocker Kitchens
1017	Flax Morning Glory Muffins
1018	unsweetened coconut
1019	Chicken Mushroom and Wild Rice Casserole
1020	wild rice mix
1021	artichoke hearts
1022	pheasant breast
1023	Cheesy Pheasant Casserole
1024	tangerines
1025	Tangerine Jelly
1026	tangerine peel
1027	Easy over the Top Baked Beans
1028	liquid smoke
1029	Jo's Rosemary Bread
1030	Toffee
1031	Chocolate Kahlua Pie With Pecans
1032	fresh lemon
1033	Glacial Mists Cooler
1034	sparkling water
1035	Spareribs Sweet and Tender (Crock Pot
1036	chipotle chiles in adobo
1037	baking potatoes
1038	Weeknight Quick Stuffed Potato
1039	great northern beans
1040	Quick Tomato-Basil Pasta With Fresh Mozzarella
1041	table salt
1042	campanelle pasta
1043	fresh mozzarella balls
1044	Melt Aways
1045	Ww 2 Points Honey Sesame Roasted Green Beans
1046	salted butter
1047	Lazy Day BLT Sandwich
1048	beefsteak tomatoes
1049	Antoinette's Plain Pound Cake (W/ Crisco
1050	Sunny Upside-Down Cake
1051	orange gelatin
1052	pineapple rings
1053	Cool Whip
1054	Honey Bun Pineapple Upside-Down Cake
1055	Chile Verde With Tequila Pork Tenderloin
1056	cornmeal
1057	dried ancho chile powder
1058	Chocolate and Banana Frozen Yoghurt
1059	Texas Hash
1060	idaho potatoes
1061	Rotel Tomatoes
1062	Absolut vodka
1063	Double Strike
1064	blue curacao
1065	cranberry juice
1066	Fresh Corn and Tomato Tart
1067	fresh corn kernels
1068	mild green chilies
1069	Pork With Leek and Plums
1070	dried plums
1071	Mom's Meatballs
1072	Fun Pretzels
1073	dry yeast
1074	Five Star Four-Cheese Sauce
1075	edam cheese
1076	gruyere cheese
1077	Fontina cheese
1078	Gallo Pinto
1079	Krispie Candies
1080	salted peanuts
1081	Sfinge De San Giuseppe
1082	Gaylon's Favorite Beef Jerky
1083	ground black pepper
1084	Lemon Tea Cakes
1085	Toddler Tamer Tea
1086	Peanut Butter Balls
1087	icing sugar
1088	Coney Dog Sauce
1089	hamburger meat
1090	Smoky Jalapeno Burgers
1091	smoked cheddar cheese
1092	tea
1093	Irish Tea Bread
1094	self-raising flour
1095	mixed spice
1096	Peanut Butter Shake
1097	ice cream
1098	Cheesy Chicken and Broccoli
1099	Creamy Chicken
1100	fresh broccoli florets
1101	low-fat milk
1102	Pacific Rim Chicken With Wild West Sauce
1103	mango
1104	tamarind paste
1105	Emeril's Stromboli
1106	ham
1107	provolone cheese
1108	Ale-House Steaks
1109	fresh oregano
1110	mustard seeds
1111	beef
1112	Smothered Beef Sandwiches
1113	American cheese
1114	Beef Potato Casserole
1115	celery leaves
1116	Beef 'n' Rice Enchiladas
1117	Chicken Stroganoff for Beginners
1118	plain yogurt
1119	Veggie Bacon Quiche
1120	coarse grain mustard
1121	Kitchree
1122	dried lentils
1123	bay leaf
1124	cinnamon stick
1125	Skillet Baked Chocolate Chip Cookies
1126	Monkey Bread
1127	Bran Muffins
1128	Chocolate Pistachio Biscotti
1129	pistachio ice cream
1130	albacore tuna
1131	Spanish Tuna Salad
1132	greens
1133	Carolina Ham &amp; Cheese Melt
1134	deli ham
1135	Scrippelle Ribbons With Apricot-Orange Sauce
1136	Polish sausage
1137	Five Dollar Beans
1138	smoked bacon
1139	kidney beans
1140	butter beans
1141	Sour Cream Chicken Quiche
1142	green bell peppers
1143	Amazing Ham Glaze
1144	golden raisin
1145	chicken thigh fillets
1146	Spiced Orange Roast Chicken
1147	fresh chives
1148	Brown Rice Salad With Grilled Chicken
1149	Grapefruit Cupcakes With Chai Icing
1150	reduced fat margarine
1151	plain low-fat yogurt
1152	pink grapefruit juice
1153	grapefruit zest
1154	reduced-fat cream cheese
1155	Oven Ki Murghi (Chicken Breasts Baked With Green Chillies
1156	cinnamon sticks
1157	cardamom pods
1158	cloves
1159	hot green chili pepper
1160	yellow mustard seeds
1161	Vegetable Enchiladas With Creamy Roasted Tomatillo Sauce
1162	eggplant
1163	portabella mushrooms
1164	queso fresco
1165	Banana Boat
1166	pineapple slices
1167	green grape
1168	red grapes
1169	cantaloupe
1170	Cheesy Cheeseburgers
1171	ripe olives
1172	Heathier Banana Pumpkin Spice Bread
1173	pure vanilla extract
1174	Curried Chicken Salad
1175	plain nonfat yogurt
1176	spaghetti
1177	Easy Turkey Tetrazzini
1178	chicken bouillon cubes
1179	diced pimento
1180	boneless pork chops
1181	Jaeger Schnitzel
1182	white mushrooms
1183	riesling wine
1184	rhubarb
1185	Rhubarb &amp; Strawberry Crisp
1186	skinless chicken breasts
1187	Homely Chicken Pie
1188	plain flour
1189	Beetroot  Marinaded Salmon
1190	dill
1191	pickle juice
1192	fresh asparagus
1193	Asparagus and Potato Tart - Jamie Oliver
1194	phyllo pastry sheets
1195	lancashire cheese
1196	Homemade Chocolate Cake
1197	strawberry gelatin
1198	Strawberry Jello Salad
1199	frozen sliced strawberries
1200	walnut pieces
1201	Wilted Lettuce
1202	savoy cabbage
1203	Whole Cabbage Stuffed With Carrot Coleslaw
1204	hot green chili peppers
1205	ghee
1206	Easy Penuche Icing
1207	Authentic Olive Garden Lemon Cream Cake
1208	Sweet N Sour Bean Salad
1209	purple onion
1210	Olie Bollen (Dutch Fritters
1211	light corn syrup
1212	Swedish Chocolate Frosted Almond Bars {mazarinkakor}
1213	Green Pumpkin Pie Smoothie
1214	liquid stevia
1215	Granny Moss 1/2 &amp;  1/2 Pie Crust
1216	Apple Latkes
1217	Layered Mocha Cheesecake
1218	instant coffee granules
1219	chocolate-covered coffee beans
1220	fruit vinegar
1221	&quot; Exotic Fruits&quot; Barbecue Marinade
1222	star anise
1223	Kadai Chicken Recipe
1224	turmeric powder
1225	garam masala powder
1226	Guineitos En Escabeche
1227	green olives
1228	Ham and Asparagus Pie
1229	White Bean Ratatouille
1230	cannellini beans
1231	Malted Milk Date Bars
1232	russet potatoes
1233	Home Fries [vegan]
1234	fresh cracked pepper
1235	Cabbage Relish
1236	red cabbage
1237	Ginger-Peanut Chicken-Salad Wrapsyou
1238	fat free tortillas
1239	romaine lettuce
1240	Ritzy Zucchini
1241	low-fat graham crackers
1242	Sugar-Free Low-Fat Almond Cheesecake Squares
1243	low-fat cream cheese
1244	low-fat sour cream
1245	Peppered Salmon W/ Arugula (Rocket and Yogurt Dressed Potatoes
1246	dried dill
1247	baby potatoes
1248	arugula
1249	Shrimp Appetizer Spread
1250	baby shrimp
1251	part-skim mozzarella cheese
1252	green onions with tops
1253	Spicy Skillet Saut&eacute;
1254	frozen asparagus cuts
1255	Chocolatey Peanut Butter Cup Cookies
1256	Buttermilk Frosted Texas Sheet Cake
1257	plums
1258	Grilled Plums With Spiced Walnut Yogurt Sauce
1259	Titanic 1st Class Menu: Parmentier and Boiled New Potatoes
1260	small red potatoes
1261	zest of
1262	Hartness House Inn Jalapeno Bread
1263	Jo Mama's Chili
1264	dark chili powder
1265	Pasilla Chili-Ground Meat Burritos
1266	chicken bouillon powder
1267	chili sauce
1268	Catfish or Tilapia That Doesn't Taste Dirty or Like Dirt
1269	dried ancho chiles
1270	Chile-Citrus Pork With Saut&eacute;ed Pears
1271	fresh tarragon
1272	boneless center cut pork loin roast
1273	comice pears
1274	watercress
1275	Salmon Chowder
1276	dried dill weed
1277	salmon
1278	Rib Eyes With Gravy and Vegetables
1279	Cafe Marrakech
1280	Dijon Pesto Zucchini Muffins
1281	fresh basil leaves
1282	Regal Kielbasa  Squares
1283	sauerkraut
1284	farmer cheese
1285	phyllo dough
1286	kielbasa
1287	Simply Blueberry &amp; Lemon Muffins
1288	Mini Baked Alaskas
1289	Shrimp and Citrus Cocktail
1290	dry crushed red pepper
1291	navel oranges
1292	Caramel Apple Dip to Die For
1293	Caramel Walnut Banana Torte
1294	Lobster
1295	lobster meat
1296	bay scallops
1297	snow peas
1298	Bistro Garden Butternut Squash Soup
1299	Cranberry Pudding
1300	raw cranberries
1301	self rising flour
1302	Pandan Coconut Muffins
1303	caster sugar
1304	coconut milk powder
1305	pandan extract
1306	Bulgar wheat
1307	Kisir (Turkish Bulgur Wheat Salad
1308	fresh Italian parsley
1309	roma tomato
1310	Creole Crowder Peas
1311	15 Minute Chicken Fajitas!
1312	tortilla
1313	firm tofu
1314	Jalapeno Tofu &amp; Egg Pate
1315	prepared yellow mustard
1316	Quintuple Chocolate Brownies
1317	Bread and Butter Pickles - canned
1318	small onion
1319	pickling salt
1320	alum
1321	pickling lime
1322	Sweet Bean Dip
1323	frozen sweet corn
1324	season salt
1325	Beet &quot;ravioli&quot; With Herbed Filling (Raw
1326	beets
1327	Pesto
1328	CHICKEN SATAY
1329	Strawberry Party Trifle
1330	pineapple tidbits
1331	Tuna Melt Potato Wedges
1332	tuna in water
1333	Homemade Hot Chocolate
1334	Yogurt Cheese
1335	Ambrosia Parfaits
1336	mini marshmallows
1337	Ultimate Chocolate Chip Cookies
1338	Stuffed Bell Peppers (Vegetarian or Beef
1339	cumin powder
1340	cumin seeds
1341	Banana Coconut Smoothie
1342	pineapple
1343	Chocolate Cookie Cake
1344	corn syrup
1345	baking chocolate
1346	graham crackers
1347	apricot brandy
1348	Champagne Punch
1349	Asian Pork
1350	long-grain white rice
1351	fresh peas
1352	lemon gelatin
1353	Sawdust Salad
1354	Beer and Cheese Soup
1355	lager beer
1356	non-alcoholic beer
1357	shredded hash brown potatoes
1358	Deviled Eggs
1359	Linzertorte Cookies
1360	Chili Verde-Competition
1361	green chili powder
1362	Blues Buster Smoothie
1363	frozen blueberries
1364	Superb Stir Fried Brussels Sprouts
1365	Brussels sprout
1366	sun-dried tomatoes packed in oil
1367	Curried Pinwheels
1368	fat-free mayonnaise
1369	spicy brown mustard
1370	Edith Bunker's Potted Chicken
1371	Veggies and Rice
1372	adobo sauce
1373	Ww Baked Yams With Pineapple - 3 Points
1374	navel orange
1375	reduced-calorie margarine
1376	instant pudding mix
1377	Delicious Cool Whip-Ice Cream
1378	Napa Daves Honey Mustard Kabobs
1379	beef tenderloin
1380	tri-tip steak
1381	Broccoli Rice and Chicken
1382	converted rice
1383	Fantastic Cloverleaf Rolls
1384	California Fish Tacos With Dry-Roasted Peppers and Mango
1385	salsa verde
1386	Asian Pea Pods Casserole (Microwave
1387	Cheeseburger Lasagna
1388	colby-monterey jack cheese
1389	Shrimp and Noodles With Peanut Sauce
1390	Mary Anne's Taco Soup
1391	Roasted Garlic Parmesan Potatoes
1392	Carrot Salad for Dieters
1393	Miracle Whip light
1394	nonfat yogurt
1395	artificial sweetener
1396	Peking Pork Bites
1397	red currant jelly
1398	Cody's Halibut Tacos
1399	Arabian Spinach
1400	spinach
1401	Mary's Bean Dip
1402	Chicken Bread Pudding
1403	pimiento
1404	Frankie's Meaty Lasagna
1405	Brandy Slush
1406	mint sprig
1407	frozen broccoli
1408	Vegetable Casserole
1409	dried ancho chile
1410	Spanish Chicken
1411	Pesto-Tossed Cauliflower
1412	Chili Seasoning Mix
1413	instant minced garlic
1414	mushroom cap
1415	Lower-Fat Cream Cheese and Ricotta Stuffed Mushrooms
1416	Krispy Kremey White-Chocolate Raspberry-Filled Cheesecake
1417	fresh raspberries
1418	fresh raspberry
1419	Caramel-Filled Brownies
1420	Zydeco Shrimp Wrap
1421	burrito-size flour tortillas
1422	dried dates
1423	Banana Bread Bites
1424	fresh cranberries
1425	Cranberry and Grand Marnier Relish
1426	beet
1427	Fantastic Microwaved Beet Chips
1428	Honey Balsamic Chicken
1429	Coconut Pound Cake
1430	flaked coconut
1431	Easy Pasta E Fagioli  (Easy Pasta &amp; Beans
1432	elbow macaroni
1433	Best Eggnog Cake
1434	rum
1435	Marinated Pork Chops
1436	A  Cheesy Creamy Spinach Quesadilla
1437	Banana Protein Muffins
1438	Mary's Almost Hummus
1439	broccoli florets
1440	Wagon Wheel Vegetable Salad
1441	The BEST Cranberry Salad!
1442	black walnut
1443	Potato and Pesto Soup
1444	Broccoli and Cauliflower Gratin
1445	His and Her Turkey Pot Pies
1446	Great Canadian Ketchup Cake
1447	Tomato Marmalade
1448	Meatballs Bayonnaise W/ Spicy Tomato &amp; Pepper Sauce
1449	red bell peppers
1450	Almost Organic Miracle Whip
1451	Popcorn Crunch
1452	iceberg lettuce
1453	Airline Salad
1454	Grinch Poop
1455	Urad Dal
1456	Vadi Aloo
1457	boneless skinless chicken
1458	coriander powder
1459	Dad's Homemade Macaroni and Cheese
1460	light cottage cheese
1461	Cactus Cocktail
1462	Kahlua Eggnog
1463	Stolichnaya vodka
1464	Tartare Sauce..NOW
1465	Cheddar Brunch Toast
1466	Coffee Panna Cotta (South Beach Diet Phase 2
1467	instant coffee powder
1468	The Definitive Peaches and Cream
1469	No Fail Sour Cream Pound Cake
1470	Szechuan Shrimp Salad
1471	sugar snap peas
1472	Layered Lemon Pies
1473	instant lemon pudding mix
1474	Carmelized Fennel and Onion
1475	fennel bulbs
1476	My Accordin Tuna Salad
1477	kalamata olives
1478	lemon wedge
1479	quinoa
1480	Squash With Quinoa
1481	courgette
1482	Mama's Vegetable Steak
1483	whole kernel corn
1484	Spaghetti Corn
1485	Passover Nut Cake
1486	plum brandy
1487	Carol's Candy Bark
1488	Green Turkey Chili
1489	green chili salsa
1490	white kidney beans
1491	kumara
1492	Lamb With Kumara Mash
1493	lamb leg steaks
1494	Sweet Potato Casserole IV
1495	reduced-calorie stick margarine
1496	Pasta With Green (Romanesco  Cauliflower
1497	Grilled Bacon Cheeseburger Calzones
1498	Lobster Sauce Crab
1499	ginger juice
1500	msg
1501	preserved black bean
1502	Green Bean Salad With Apricot Vinaigrette
1503	papaya
1504	Company Chicken Casserole
1505	small curd cottage cheese
1506	Poppy Seed Swirls Cookies
1507	poppy seed
1508	Chocolate Cream Pie
1509	2% low-fat milk
1510	reduced fat graham cracker crust
1511	Orange Cream Dessert - No Sugar Added
1512	Broccoli Salad With Feta
1513	low-fat plain yogurt
1514	light mayonnaise
1515	Tortellini With Ham and Peas
1516	Eggadilla
1517	Quickly Tuna!!
1518	Cheesesteak Egg Rolls
1519	Toms Oven Made Hot Pepper Chicken Jerky
1520	Candied Walnuts
1521	walnut halves
1522	Cookie Fruit Baskets
1523	ground pecans
1524	berries
1525	Cucumber Boats
1526	fresh zucchini
1527	Stuffed Zucchini Italian Style
1528	Italian sausage
1529	CheK Chien (Fried Banana Nuggets
1530	Moroccan Flat Bread
1531	Thai Basil Chicken
1532	Tomato Pudding Italiano
1533	Mini Meatloaves OAMC
1534	DELICIOUS  DRY FRUIT LADDU
1535	dried figs
1536	BBQ Black Beans and Corn
1537	Orange- and Mustard-Basted Turkey With Apple Cider-Mustard Gravy
1538	dried tarragon
1539	fresh thyme sprigs
1540	sage sprigs
1541	gala apples
1542	Patata Wa Lahmi (Potatos and With Beef
1543	Luby's Garden Salad
1544	Company's Coming Chicken
1545	quick-cooking rice
1546	Blueberry Streusel Muffins
1547	wheat flour
1548	Party &amp; Holiday Rolls
1549	fresh yeast cakes
1550	Crisco shortening
1551	Rainbow Easter Egg Cookies
1552	Spicy Salmon Poke Taco
1553	toasted sesame seeds
1554	fresh cilantro stems
1555	Christina's Spicy Sirloin With Chimichurri
1556	cracked black pepper
1557	Blackberry-Bourbon Sours
1558	Bourbon
1559	Creamy Wild Mushroom and Goat Cheese Cups
1560	miniature phyllo cups
1561	Nanny Annie's Baked Corn
1562	Chicken Parmesan
1563	Ginger Rose Custard
1564	rose water
1565	sweet sherry
1566	pork
1567	Green Chile Stew With Pork
1568	chili peppers
1569	Chicken Saute With Artichokes
1570	frozen artichoke hearts
1571	Healthy Chocolate- Nut Torte With Fruit Glaze
1572	Egg Beaters egg substitute
1573	Lemon Ginger Chicken Salad
1574	Homemade Paneer!
1575	Root Vegetables With Lemon-Dill Glaze
1576	turnips
1577	Red Potato Salad
1578	roma tomatoes
1579	Fresh Tomato Jam
1580	Spicy Mushroom
1581	asafoetida powder
1582	Herbes De Provence
1583	dried savory
1584	Butter Balls for Chicken Broth or Noodle Soup
1585	Raspberry Torte
1586	Tex-Mex Mayonnaise
1587	chipotle chile
1588	acorn squash
1589	Easy Baked Acorn Squash
1590	Huh Huh Huh Huhmmos
1591	tahini
1592	pomegranate seeds
1593	chicken thighs
1594	Chicken on a Bed of Vegetables
1595	button mushroom
1596	bulb of garlic
1597	coarse black pepper
1598	Perfect Pumpkin Pie
1599	frozen chopped spinach
1600	Hg So-Good Spinach Bites
1601	light margarine
1602	Cinnamon Fried Chicken
1603	Sweet-Hot Carrots
1604	California Marinade
1605	Merry Berry Heaven
1606	Ocean Spray whole cranberry sauce
1607	cranberry juice cocktail
1608	Lemon-Pepper Cheese Coins
1609	Green Tea Acai Smoothie Bowl
1610	frozen blackberrie
1611	black currants
1612	Mini Mexican Meat Loaves
1613	cheese slices
1614	Fiesta Salad
1615	canned black beans
1616	Garlic Dip
1617	garlic juice
1618	Kickin It With My Baby Baby Back Ribs
1619	Woolworths Frito Pie
1620	canned pinto beans
1621	Loaded Garlic Bread
1622	Josy's Jammin' Tomato Soup
1623	mixed herbs
1624	chipotle pepper
1625	red apples
1626	Vinaigrette Salad
1627	yellow apples
1628	dried craisins
1629	Puffed Heart Lemon Cookies
1630	Hot Dogs a La Rose
1631	ground mustard
1632	Not Your Usual Lemon-Artichoke Chicken
1633	trout
1634	Grilled Trout
1635	Brussels Sprouts Ala Rachael Ray's Way
1636	Hot Fudge Sauce
1637	frozen blackberries
1638	Healthy Blackberry and Banana Smoothie
1639	puff pastry sheets
1640	Puff Pastry Strawberry &amp; Cream Napoleaons
1641	bartlett pears
1642	Pear Cranberry Sauce
1643	Baby Greens With Pineapple Vinaigrette
1644	Beer Pork Chops
1645	Tangy-Sweet Dijon Dipping Sauce
1646	Chicken and Broccoli Stuffed Potatoes
1647	water chestnuts
1648	Smoked Pork Chop With Sauerkraut
1649	wine-cured sauerkraut
1650	sun-dried tomato
1651	Mushroom
1652	SZECHUAN GINGER CHICKEN
1653	cooking wine
1654	sambal oelek
1655	Rachael Ray's Mochaccino Shakes
1656	strong black coffee
1657	coffee ice cream
1658	processed cheese with jalapeno peppers
1659	Bubbling Cauldron (Hot Cheese Dip
1660	mild salsa
1661	hot salsa
1662	Layered Italian Casserole
1663	Oreo Cookie Dessert
1664	Flat Iron Steaks With Parmesan Grilled Vegetables
1665	Spinach
1666	Ham Bone Vegetable Soup 1967
1667	ham bone
1668	fresh marjoram
1669	Fantastic Black Bean Chili
1670	Potato Pancakes
1671	Miracle Whip
1672	Chaat Masala
1673	whole coriander seeds
1674	black salt
1675	diced tomatoes with green chilies
1676	Mexican Lasagna
1677	Three Seeds ( Bread Machine
1678	white bread flour
1679	dry milk
1680	celery seeds
1681	fast rise yeast
1682	Coffee
1683	chicken thigh
1684	Spicy Smoked Chicken Thighs
1685	Pistachio Praline Bars
1686	pistachios
1687	Ravioli With Peas and Crispy Bacon
1688	ricotta salata
1689	Grandma's Hamburger Dressing/Stuffing
1690	boiling potato
1691	ground sage
1692	Boston Baked Beans
1693	Banana Chutney
1694	crystallized ginger
1695	juice and zest of
1696	Shrimp Intoxication
1697	large shrimp
1698	Romesco Sauce
1699	Garden Vegetable Soup  Weight Watchers  0 Points Per 1 Cup Servi
1700	Lemon Dipped Rugelach
1701	Meyer Lemon Tart
1702	Spinach Dip
1703	Herbed Chicken
1704	chicken pieces
1705	Mother's Apple Butter
1706	Chocolate Mayo Cake With Brown Sugar Frosting
1707	Wahoo! White Chicken Chili
1708	diced green chilies
1709	white corn
1710	chicken meat
1711	jalapeno jack cheese
1712	Paula's Easy Homemade (Tastes Like Fresh Salsa
1713	Cherry Chiffon Desserts
1714	pineapple chunks in juice
1715	frozen non-dairy topping
1716	miniature marshmallow
1717	Baklazhanovaya Ikra - Eggplant (Aubergine  Caviar
1718	Gluten Free Apple Sponge
1719	Parsee Eggs
1720	Artichoke Linguine
1721	kale
1722	Pasta With Kale
1723	low-sodium chickpeas
1724	frozen hash browns
1725	Slow Cooker Cheese Potatoes
1726	Chipotle Shrimp
1727	roasted peanuts
1728	Peanut Tikki
1729	channa dal
1730	Lime and Ginger Salt Glow
1731	Sugar-Coated Crispy Butter Cookies
1732	Vincent's Favorite Kolaches
1733	colby cheese
1734	Pizza Balls
1735	Beef Chow Mein
1736	sake
1737	rump steak
1738	fresh bean sprouts
1739	Cheddar Carrot Bake
1740	Plum Duff
1741	golden syrup
1742	vegetable suet
1743	Nut Crusted Portobello Mushroom Strips
1744	Jurassic Chicken Casserole
1745	Sweet Potato Pudding
1746	Black-Eyed Peas Curry
1747	black-eyed peas
1748	Crispy Garlic Chicken With Dipping Salt
1749	five-spice powder
1750	distilled white vinegar
1751	szechwan pepper
1752	Shallot Tomato Butter
1753	Almond Chicken Salad
1754	Roast Garlic
1755	sherry wine vinegar
1756	Blue Cheese Dressing
1757	Baked Apricot Brie
1758	Millionaires
1759	Herb-Stuffed Chicken Breasts
1760	Grandma's Homemade Mac &amp; Cheese
1761	Tuna Pomodoro
1762	tuna in olive oil
1763	manchego cheese
1764	Crock Pot Orange-Spiced Sweet Potatoes
1765	Honey Apple Tea
1766	black tea
1767	Roasted Cauliflower.... Like No Other!!
1768	Beef Noodle Dinner (Baby/Toddler
1769	Flan
1770	Spinach-Stuffed Turkey Meatloaf
1771	Quaker Oats
1772	nonfat milk
1773	Duckanoo
1774	fresh coconut
1775	Emeril's Bourbon Braised Chicken and Apple Sausage With Onions
1776	Chocolate Raspberry Marquess
1777	Chambord raspberry liquor
1778	Connie's  3 Way Pork Patties
1779	Mom's Borscht
1780	Bananas Simmered in Jasmine-Scented Coconut Milk
1781	7 Layer Bars (The Real Thing
1782	Classic Coleslaw (Ellie Krieger
1783	Caramel Crunch Bars
1784	granola cereal
1785	Potato Leek Soup
1786	fat-free evaporated milk
1787	Honey Mustard Chicken Salad
1788	mandarin orange segments
1789	Robin's Eggs Milk Shake
1790	Nutella Coffee Brownies
1791	brewed coffee
1792	Chocolate Pecan Pie
1793	whole pecans
1794	Pineapple Infused Tequila
1795	vanilla beans
1796	Tomatoes Provencale
1797	anchovy fillet
1798	Corn Cheese Casserole
1799	dragees
1800	Witch Hats
1801	Very Easy Meatloaf
1802	Summer Berry Sweet Cream Pie
1803	Chocolate Bliss Cookies
1804	Brown Bread With Raisins
1805	dark raisin
1806	Sinful Dum-Dum
1807	Bananas Foster Cheesecake Squares
1808	Orange-Cranberry Bundt Cake
1809	Wacky Cake
1810	Zucchini Casserole Supreme
1811	Cheesy Salsa
1812	sliced ripe olives
1813	Cheese Bread
1814	Ww Senegalese Peanut Stew With Spinach and Sweet Potatoes
1815	sweet potato
1816	Corn Casserole
1817	Spinach and Strawberry Salad
1818	Balsamic Bean Dip With Fresh Veggies
1819	Mike's Italian Meatballs
1820	pesto sauce mix
1821	unbleached white flour
1822	Cumin Nan
1823	instant mashed potatoes
1824	stewing lamb
1825	Karelian Hot Pot
1826	Butternut Squash and Mushroom Risotto
1827	shiitake mushrooms
1828	arborio rice
1829	Tomato Corn Chowder
1830	Seasoned Sirloin Steak BBQ Sandwiches
1831	havarti cheese
1832	Chicken Chili Nachos
1833	chili beans
1834	Easy Sausage &amp; Tomato Farfalle (Bow Ties in Cream Sauce
1835	dried red pepper flakes
1836	farfalle pasta
1837	Poolside Dip
1838	Irish Stuffed Potatoes
1839	corned beef
1840	boneless skinless chicken breast half
1841	Romantic Chicken With Artichokes and Mushrooms
1842	Basic Sandwich Bread - Bread Machine
1843	Buttery Drop Sugar Cookies
1844	minced beef
1845	Mums Cowboy Stew
1846	Jeanne's Style Birthday Cake
1847	sirloin tip steaks
1848	Mushroom Beef (Low Fat
1849	Oven-baked Stuffed Poblanos
1850	monterey jack and cheddar cheese blend
1851	Salem College Iced Tea
1852	Devilled Ham - Copycat Underwood's Devilled Ham
1853	gelatin
1854	Fresh Tuna Burgers With Ginger Mustard Glaze
1855	fresh tuna
1856	pickled ginger
1857	Stuffed Buns - Chicken or Paneer
1858	panir
1859	bow tie pasta
1860	Meatball Lasagna Bake
1861	lettuce leaf
1862	Tomato
1863	grape tomatoes
1864	Oven &quot;un-Fried&quot; Shrimp
1865	Sweet Southern Orange Scones
1866	Kittencal's Spinach-Cheddar Patties
1867	tamari
1868	Asian Pork &amp; Veggie Stir Fry
1869	mirin
1870	Bahamian Conch/Scungilli Salad
1871	Lemon Butter Cake
1872	Butter Ring Icing
1873	alfredo sauce
1874	5 Cheese Ravioli
1875	Shrimp and Broccoli Potatoes #SP5
1876	5 Bean Soup With Brown Rice
1877	dried black-eyed peas
1878	Spicy Stuffed Bell Peppers
1879	Alden's Grandmother's Cornbread
1880	Florentine Meatballs
1881	Delicious and Moist Red Velvet Cake
1882	Minestrone
1883	head of cabbage
1884	whole tomatoes
1885	kidney bean
1886	dry active yeast
1887	Mini Fried Pizza
1888	Jefes Grand Granita
1889	Pumpkin Curry Soup
1890	vanilla instant pudding mix
1891	Vanilla Pumpkin Dip
1892	solid pack pumpkin
1893	Pork and Pistachio Pate
1894	canned artichoke heart
1895	Tuna Melt With a Difference
1896	albacore tuna in water
1897	English muffins
1898	Pepperoni Rigatoni
1899	Pasta Flerua
1900	polenta
1901	Thick Polenta Oven Chips (Fries
1902	Farmer's Market Casserole
1903	low-fat sharp cheddar cheese
1904	ginger powder
1905	Orange-Ginger Grilled Pork Chops
1906	Spam Imperial Tortilla Sandwiches
1907	alfalfa sprout
1908	Lemon Layer Cream Cheese Pie
1909	boneless round steak
1910	Broccoli Beef Stir Fry - OAMC
1911	stewing beef
1912	Creamy Fruit Salad
1913	Gluten Free Almond and Choc Chip Cookies
1914	Beef Kabobs With Moroccan Spices
1915	mushroom caps
1916	Tomato and Garlic Stew With Prawns.
1917	whole canned tomatoes
1918	Cucumber Salad
1919	Sausage and Bacon Cheese Quiche #Ragu
1920	whole milk ricotta cheese
1921	Crab Cakes Portabella  (((Delicious
1922	cream sherry
1923	Pumpkin Shortbread Dessert
1924	Spinach Roulade With Mushrooms
1925	Loaded Banana Coconut Loaf
1926	sweetened coconut
1927	Macedonian Cucumber
1928	green chili pepper
1929	Carbonara by Martha Stewart
1930	low sodium beef broth
1931	Slow Cooker Fajita Stew
1932	Everyday Foods' Lightened Rice Pudding
1933	Cardamom Snaps
1934	Gingercake
1935	bicarbonate of soda
1936	spiral shaped pasta
1937	Very Quick and Easy Tuna Casserole
1938	pasta shells
1939	Summer Squash Muffins
1940	pear
1941	dry penne pasta
1942	Weight Watchers Avocado and Tomato Pasta Salad
1943	Chicken &amp; Cabbage Alfredo-Low Carb
1944	muenster cheese
1945	Honey Apple Grilled Cheese Sandwich
1946	Paleo Apple Cinnamon Muffins
1947	scalloped potatoes mix
1948	Pizza Potatoes
1949	Italian stewed tomatoes
1950	Chicken and Rice Salad With Pine Nuts and Lemon
1951	California Pizza Kitchen Romaine-Watercress Salad W/ Balsamic-B
1952	gorgonzola
1953	Impossibly Easy Italian Chicken Pie
1954	dried oregano leaves
1955	Hatch Green Chile Sauce
1956	Gold Medal all-purpose flour
1957	Chipotle Fettuccine With Smoked Turkey
1958	chipotle chile in adobo
1959	Good Ole Chicken Creole
1960	Sesame Chicken
1961	roasting chickens
1962	Roasted Lime and Onion Chicken
1963	Baked Creole Potato Wedges
1964	dried peppermint
1965	Sinus Headache Bath Salts
1966	Irish Barm Brack (Fruit Loaf
1967	currants
1968	Apple Pudding Cake from Southern Living
1969	Chicken Liver Dog Biscuits
1970	chicken liver
1971	Balls of Chicken
1972	White Fruitcake
1973	golden raisins
1974	Asparagus With Cream Sauce
1975	frozen french fries
1976	Cheese Fries
1977	Triple Shot Mocha Cupcakes
1978	instant espresso powder
1979	Onion Dip Pork Chops
1980	cooked pasta
1981	Avocado Dressing
1982	Corny Chicken Wraps
1983	Smothered Chicken With Gravy and Rice
1984	Sugar Dusted Broccoli
1985	Orange Bliss Cheesecake
1986	Philadelphia Cream Cheese
1987	Super Easy Cream Cheese Chicken Ball
1988	Stewing Beef Braised in Red Wine ( Goulash With Red Wine
1989	peppercorn
1990	beef bouillon cube
1991	Asian Noodle Salad
1992	seasoned rice vinegar
1993	hot red pepper flakes
1994	Chuck Roast Enchilidas
1995	tortillas
1996	Seafood Bake
1997	Single Serve Dessert Fruit Pizza
1998	kiwi fruits
1999	Fontina &amp; Mushroom Panini
2000	fresh sage leaf
2001	fettuccine
2002	Fettuccine With Portabella- Alfredo Sauce
2003	portabella mushroom caps
2004	fresh coarse ground black pepper
2005	flat-leaf Italian parsley
2006	Green Bean Casserole (With Frozen Green Beans
2007	boneless pork cutlets
2008	Spitini a La Siciliana
2009	pecorino romano cheese
2010	J-Slo's Sesame Chicken
2011	Cranberry Nut Bars
2012	frozen cranberries
2013	Veggie Casserole
2014	frozen cauliflower
2015	Minute Rice
2016	Shrimp Remoulade Wraps
2017	Hot Mulled Cider
2018	Pineapple Chicken
2019	unsweetened pineapple slices
2020	Cabbage Ground Beef Skillet
2021	Butterscotch Brownie Mix
2022	Smoked Salmon Scramble
2023	lox
2024	smoked salmon
2025	low-fat mayonnaise
2026	Chicken Mushroom Pesto Sandwich With Avocado
2027	Chocolate and Raspberry Roulade With Raspberry Sauce
2028	Graham Cracker Brownies
2029	Hot Pepper and Garlic Shrimp
2030	fine sea salt
2031	Panettone Trifle
2032	Buckwheat Pancakes Russian Blini
2033	buckwheat flour
2034	Bar-B-Qued Brisket
2035	boneless bottom round roast
2036	Thai Coconut Milk Cookies
2037	mashed sweet potatoes
2038	Sweet Potato Casserole
2039	South Beach Fish Kabobs
2040	Grilled Bacon
2041	gouda cheese
2042	Mandarin Cake # 2
2043	Salmon With Red Pepper Pesto
2044	Honey Pork Tenderloin Kabobs
2045	Dreamy Stuffed Portabellas (Vegetarian
2046	spaghetti squash
2047	Low Carb Baked Spaghetti Squash With Garlic Sage Cream
2048	dried sage
2049	Snow Peas and Cherry Tomatoes
2050	Red Cabbage Slaw With Brie
2051	croutons
2052	cooked long-grain rice
2053	Baked Rice Pudding
2054	half & half light cream
2055	Fennel Orange Salad
2056	Onion Creme Brulee
2057	Marbled-Chocolate Banana Bread
2058	Spicy Empanadillas
2059	Almond Soup (Looz Shorba
2060	Quick and Easy Jerk Sauce
2061	dark molasses
2062	Barley With Mushrooms
2063	barley
2064	Leek and Bean Soup
2065	borlotti beans
2066	So Easy Sausage-Cheese Balls
2067	Whoopie Pies
2068	Baja Tostadas
2069	Warm Salmon and Green Leaf Salad
2070	pomegranate molasses
2071	salmon steaks
2072	rocket
2073	lebanese cucumbers
2074	Bibimbap
2075	mung bean sprouts
2076	daikon radish
2077	bing cherries
2078	Chopped Cherries Oven Dried
2079	fresh basil leaf
2080	Macaroni Salad with Basil Dressing
2081	Spaghetti With Tomatoes and Tarragon
2082	Chicken DiVan
2083	small white potatoes
2084	Potato Spinach Gratin
2085	Pineapple Cream Pie
2086	pudding
2087	Tomatillo Verde Enchilada Casserole
2088	Easiest Ever Salmon Pate
2089	red capsicum
2090	Fruit Leather
2091	Vegetable Spaghetti Sauce
2092	Old-Fashioned So. Georgia Cracker Salad (Extremely Easy
2093	small macaroni pasta
2094	Mexican Soupa 2
2095	Cheese Dip for Vegetables
2096	Vegetarian Eggplant (Aubergine Sandwich
2097	Hummus Inspired Veggie Dip W/ Garlic Pita Chips
2098	fresh cilantro leaves
2099	Mom's Beef Stew
2100	beef bouillon cubes
2101	marshmallow creme
2102	Weight Watcher Treats
2103	For Diabetics - Low Fat Yoghurt
2104	Magic Cake
2105	Mango Curry Chicken Salad
2106	Liver Detox
2107	blackstrap molasses
2108	Orgasmic Mashed Potatoes
2109	Meatballs or  Meat Squares
2110	Creamy Dijon Salad Dressing
2111	vegan mayonnaise
2112	Blueberry Cheesecake
2113	Sweet Bran Muffins
2114	Super  Muffuletta Sandwich
2115	Seafoam Jello Dessert Salad
2116	camembert cheese
2117	Baked Camembert
2118	Mincemeat Coffee Ring
2119	Easy-To-Do Aebleskiver
2120	sushi rice
2121	Perfect Sushi Rice
2122	Jalapeno Corn Muffins With Honey Butter
2123	Butterscotch Bread Pudding
2124	Impossibly Fudgy Brownies With Chile and Sea Salt
2125	Mango Barbecued Ribs
2126	Kharoset
2127	beef eye round
2128	Grilled
2129	Cold Indian Split Pea Soup
2130	fresh green chile
2131	Another Hot Crab Dip Recipe
2132	Tasty Little Things
2133	unsalted margarine
2134	Sweet Paprika Chicken
2135	Lasagna Primavera
2136	Italian-Style Meatloaf
2137	Italian-style tomato sauce
2138	Ginger Sesame Dressing
2139	Healthy Grains Breakfast Cookie
2140	muesli
2141	Curried Sausage and Kale
2142	israeli couscous
2143	Strawberry Ice Cream Soda
2144	Wedding Ring Rolls
2145	blackberries
2146	Blackberry Flummery
2147	Dalmation Cake
2148	Big &amp; Chewy Oatmeal-Raisin Cookies
2149	The Pink Flamingo
2150	Chicken Pot Pie With Fresh Veggies
2151	pink kidney beans
2152	Best Ever Homemade Chili
2153	Heinz ketchup
2154	crushed pineapple with juice
2155	Judy's Pineapple Chill
2156	chunk pineapple
2157	fat-free sugar-free instant vanilla pudding mix
2158	Olive and Tuna Linguine for One
2159	courgettes
2160	Courgette Bake
2161	spring onion
2162	Mexican Pork & Black Beans
2163	boneless pork sirloin
2164	Chilled Lemon Souffle(ATK
2165	broad beans
2166	Green Bean Salad with a difference
2167	mange-touts peas
2168	Green Chile Bread Bowl Fondue
2169	Pinto Beans With Sausage
2170	minced garlic clove
2171	No Bake Christmas Cake
2172	white corn syrup
2173	Peach-Honey Butter
2174	The Best Tuna Sandwich
2175	Bacon Cheeseburger Rice Casserole
2176	canned tomato sauce
2177	Sweet Pepper Slaw
2178	Simply Potatoes Rajas Tacos #5FIX
2179	Catalan Fish Stew
2180	bottled clam juice
2181	serrano ham
2182	halibut fillets
2183	Delicious Cheesy Sausage Brunch Casserole
2184	whole black peppercorn
2185	W W Peppered Steak With Brandy-Mustard Sauce - 5 Pts.
2186	Special Garlic &amp; Cheese Potato Casserole
2187	aged cheddar cheese
2188	Crisp and Creamy New Potato Pie
2189	horseradish
2190	grainy mustard
2191	Honey Mustard Chicken With Kumara Carrot Mash
2192	fresh thyme leave
2193	regular margarine
2194	Real Kool Cupcakes
2195	spaghetti noodles
2196	Cheesy Chicken Spaghetti Casserole
2197	Unsophisticated Potato Salad
2198	pickles
2199	Sausge Pankacke- on A- Stick
2200	Easy Chinese Vegetables
2201	Honey-Glazed Lemon Chicken
2202	gluten
2203	Gluten Mock Veal
2204	Bella Roma Pizza
2205	Veggie Lamb Mince
2206	dried mint
2207	Pralines - Nogada
2208	butterscotch pudding mix
2209	The Best Oyster Dressing
2210	sage
2211	Custard Tart
2212	My Use Only Caesar Salad Dressing
2213	raw egg yolks
2214	Caribbean Chicken Salad
2215	corn tortilla chips
2216	Grilled Maple Sausage &amp; Egg Burrito
2217	Cocktail Wieners
2218	Fish Masala
2219	Nutty Double Chocolate Brownies (Gift Mix in a Jar
2220	Enchantress's Ham &amp; Pepper Jack Quiche
2221	Onion-Crusted Meat Loaf With Roasted Potatoes
2222	Mom's Chicken Enchiladas
2223	Chicken-Vegetable Pot Pie / Pies
2224	Open Omelette
2225	tart apples
2226	Steph's Apple Crumbly
2227	Mjadra - Lentils and Rice
2228	lentils
2229	Buckwheat Pancakes
2230	Baked Onions With Thyme
2231	Not Yo Mama's Crock Pot Roast Beef
2232	pomegranate juice
2233	White Balsamic and Lemon Vinaigrette
2234	Pumpkin
2235	curry paste
2236	canned chick-peas
2237	Broiled Italian Stuffed Mushrooms
2238	red beet
2239	Roasted Beets With Raspberries
2240	Pumpkin Pie Dump Cake
2241	Lemon Garbanzo Salad With Feta
2242	Cow Pies
2243	James Beard's Cream Biscuits
2244	Original Tennessee Barbecue Beef  (Crock Pot
2245	De' Best Pizza Dough
2246	Glazed Brownies
2247	Succulent Shrimp/Prawn Spread (No Bake
2248	Kicked up Cocktail Sauce
2249	broiler-fryer chicken
2250	celery & leaves
2251	turkey breast
2252	Turkey Asparagus Stir-Fry
2253	Raspberry White Chocolate Blondies
2254	Baked Yellow Squash
2255	brewer's yeast
2256	Raspberry Yogurt Cheese With Gingersnaps
2257	Apple-Cranberry Cottage Cheese
2258	Spicy Tabbouleh
2259	English cucumber
2260	vegan margarine
2261	Gingerbread Men (Gluten and Casein Free
2262	amaranth flour
2263	tapioca starch
